Model,Precision,Recall,F1-score,ROC AUC
DT,0.4785714285714286,0.7444444444444445,0.5826086956521739,0.8056163828061638
RF,0.875,0.7,0.7777777777777778,0.8915348742903488
XGBoost,0.7070707070707071,0.7777777777777778,0.7407407407407407,0.909124087591241
LightGBM,0.7777777777777778,0.7777777777777778,0.7777777777777778,0.9124695863746959
CatBoost,0.8072289156626506,0.7444444444444445,0.7745664739884393,0.9099756690997566
ANN,0.5431034482758621,0.7,0.6116504854368932,0.877676399026764
SVM,0.5486725663716814,0.6888888888888889,0.6108374384236454,0.8836982968369829
LR,0.3051643192488263,0.7222222222222222,0.429042904290429,0.7844282238442822
