Model,Precision,Recall,F1-score,ROC AUC
DT,0.4863013698630137,0.7888888888888889,0.6016949152542372,0.8260137875101378
RF,0.8701298701298701,0.7444444444444445,0.8023952095808383,0.8877939983779399
XGBoost,0.7040816326530612,0.7666666666666667,0.7340425531914894,0.9072181670721816
LightGBM,0.7526881720430108,0.7777777777777778,0.7650273224043715,0.9132806163828061
CatBoost,0.7865168539325843,0.7777777777777778,0.7821229050279329,0.9044201135442012
ANN,0.5849056603773585,0.6888888888888889,0.6326530612244898,0.8655920519059206
SVM,0.5535714285714286,0.6888888888888889,0.6138613861386139,0.8838503649635037
LR,0.3051643192488263,0.7222222222222222,0.429042904290429,0.7847323600973236
