Model,Precision,Recall,F1-score,ROC AUC
DT,0.42857142857142855,0.8,0.5581395348837209,0.8124087591240876
RF,0.6055045871559633,0.7333333333333333,0.6633165829145728,0.8794606650446064
XGBoost,0.5333333333333333,0.8,0.64,0.9020478507704786
LightGBM,0.5447761194029851,0.8111111111111111,0.6517857142857143,0.9081711273317113
CatBoost,0.5294117647058824,0.8,0.6371681415929203,0.8939578264395783
ANN,0.45774647887323944,0.7222222222222222,0.5603448275862069,0.8526459854014599
SVM,0.43125,0.7666666666666667,0.552,0.8633819951338201
LR,0.25170068027210885,0.8222222222222222,0.3854166666666667,0.7882603406326033
