Model,Precision,Recall,F1-score,ROC AUC
DT,0.7010309278350515,0.7555555555555555,0.7272727272727273,0.8513179237631793
RF,0.9848484848484849,0.7222222222222222,0.8333333333333334,0.8976480129764801
XGBoost,0.9466666666666667,0.7888888888888889,0.8606060606060606,0.9145579886455798
LightGBM,0.9459459459459459,0.7777777777777778,0.8536585365853658,0.9046431467964315
CatBoost,1.0,0.7666666666666667,0.8679245283018868,0.9134428223844282
ANN,0.7804878048780488,0.7111111111111111,0.7441860465116279,0.8767234387672345
SVM,0.8490566037735849,0.5,0.6293706293706294,0.8913422546634224
LR,0.42105263157894735,0.17777777777777778,0.25,0.8016017842660178
